{"cameraMode":{"drawMode":0,"name":"Shaded","section":"Shading Mode"},"sceneLighting":true,"audioPlay":false,"sceneViewState":{"showFog":true,"showMaterialUpdate":false,"showSkybox":true,"showFlares":true,"showImageEffects":true,"showParticleSystems":true},"in2DMode":false,"pivot":{"x":0.35384082794189455,"y":-0.3895440101623535,"z":0.9810576438903809},"rotation":{"x":0.32423439621925356,"y":0.024113474413752557,"z":-0.008269733749330044,"w":0.9456450343132019},"size":5.020001411437988,"orthographic":false}